{
  "title": "Automatic1111 Stable Diffusion web UI",
  "description": "Built upon the Stable Diffusion WebUI, this worker provides an API to generate images with Stable Diffusion models.",
  "type": "serverless",
  "category": "image",
  "iconUrl": "https://dummyimage.com/100x100/ff5733/fff&text=SD",
  "config": {
    "runsOn": "GPU",
    "containerDiskInGb": 20,
    "gpuIds": "ADA_24",
    "gpuCount": 1,
    "allowedCudaVersions": [
      "12.7",
      "12.6",
      "12.5",
      "12.4",
      "12.3",
      "12.2",
      "12.1"
    ]
  }
}